名字,性別,生日,email,職業
王栗弘,Men,1979/2/9,d3567636@nhasag.net,歌手
王惠甫,Men,1975/2/16,d3616052@nwytg.net,幼稚園園長
吳玉鳳,Women,1957/3/19,superwu@jourrapide.net,藝人
吳俊義,Men,1995/3/2,sMenilepig@gmail.com,電競選手
李逸憲,Men,1990/6/5,tryit@gmail.com,房仲
杜協丹,Women,1952/3/31,ilehWomenouz@sharklasers.com,和尚
周劫圇,Men,1983/6/8,ibu27146@awsoo.net,廚師
林阿真,Women,2001/9/26,jenny1212@hotmail.net.tw,學生
林姿英,Women,1980/6/25,uqq05285@nbzMenr.com,建築師
林美智,Women,1999/6/16,sMenile_611@hotmail.net,研究員
柯佩姍,Women,1977/2/26,MenoMenoLeo@hotmail.com,餐廳老闆
宵禁疼,Men,1947/8/23,cMenq38335@nbzMenr.net,工程師
張旭程,Men,1966/7/27,r77992288@yahoo.net.tw,公務員
張家瑜,Men,1942/4/2,crououki@Womenakeinbox.com,財務規劃分析師
張惠昀,Women,1983/7/28,iskedhe@mailnesia.net,歌手
淋菌截,Men,1974/3/2,avl93880@nbzMenr.edu.net,教師
郭柏廷,Men,1988/8/8,p14479663@hotmail.com,作家
郭家康,Men,1984/3/5,orange8979@hotmail.edu.tw,自由業
陳于倫,Women,1986/1/20,nMenw69092@awsoo.com,律師
陳佑甄,Women,1984/12/5,orange8979@hotmail.edu.net,幼稚園老師
陳冠廷,Men,1962/3/30,cgtn12@dayrep.net,室內設計師
陳茂恒,Men,1979/12/12,localking@gmail.net,工程師
陳香涵,Women,1979/1/20,Meniconago@hotmail.net,家管
陸亞谷,Women,1977/9/28,sen31049@awsoo.edu.net,學生
程韻云,Women,1972/3/6,lqWomen64354@nbzMenr.net,待業
馮依婷,Women,1958/7/17,ypp22890@nbzMenr.net,漫畫家
黃行佩,Women,1970/9/8,eltibcivde@mailnesia.edu,製造業經理
黃定國,Men,1972/8/5,crazydissy@hotmail.edu,主廚
黃勇仰,Men,1949/11/18,yongyang36160@starkedupay.edu,體育老師
黃彥傑,Men,1982/8/9,p14479663@hotmail.edu,作業員
黃星均,Men,2000/7/16,wang0909@gmail.edu,學生
黃毅愛,Women,1962/2/1,sunny001@gmail.edu,家管
楊家洋,Men,1968/1/31,criawaew@Womenakeinbox.edu,車輛技師
溫邵右,Men,1993/11/25,ben24367949@yahoo.edu.net,記者
葉子毓,Men,1978/6/12,udpig10228@yahoo.edu.tw,保險業務員
葉學俐,Men,1992/1/25,ben24367949@yahoo.edu.tw,記者
詹佩珊,Women,1980/3/2,tpeggyw@Mensn.com,警察
劉筱婷,Women,1993/1/9,Menountainking@gmail.com,實況主
賴俐恭,Women,1950/9/27,portned34@gustr.com,驗光師
關鈞蕙,Women,1964/4/12,hWomenq83717@nbzMenr.com,小說家
吳柏定,Men,1953/8/1,gaogao@new.com.tw,律師
劉建佳,Men,1964/7/30,liucc@gmail.net,企業家
曹文彬,Men,1957/9/6,renewgo1762@msa.hinet.net,檢察官
林怡桓,Women,1995/10/13,iggg123789@hotmail.com,設計師
楊仰天,Men,2001/6/21,d3567636@csda.net,學生
潘雅晴,Women,1999/11/11,zxq35pp6@nwytg.edu,學生
賴耀文,Men,1951/12/30,littlelie@yahoo.com.tw,醫師
謝雅筑,Women,1988/3/27,hsiehyaya@nycda.com.tw,家管
涂虹欣,Women,1977/4/16,csgo@hrraf.net,待業
吳康宏,Men,1975/5/4,d123789gga@nwytg.com,精算師
